rebalance_rule,frequency,years,trading_cost_bps,rf_annual,total_return,CAGR,annualized_vol,Sharpe,Sortino,max_drawdown,Calmar,hit_ratio
M,M,13.833333333333334,0.0,0.0,1.8315487684873046,0.07814317262719972,0.10169815437864645,0.7927317891423226,1.4157448109753958,-0.20255007579456097,0.3857968076321899,0.6506024096385542
A,M,13.833333333333334,0.0,0.0,1.6789712918007123,0.0738347405720079,0.10339182713596407,0.7424796313871455,1.3114251159551233,-0.20457294492878886,0.36092133589663833,0.6325301204819277
Q,M,13.833333333333334,0.0,0.0,1.7898381428853916,0.07698717257329823,0.10268919632952127,0.7756043302710734,1.3760102917181567,-0.21419651900433,0.3594230799415649,0.6445783132530121
2Q-DEC,M,13.833333333333334,0.0,0.0,1.7511651769994332,0.07590094529843272,0.10330843301086697,0.761681180291439,1.3603020150361542,-0.20950787614086597,0.3622820616414416,0.6445783132530121
